{
    "file name": "/mnt/c/Users/nshashwa/New_folder/new/llvm-project/llvm/lib/IR/PassManager.cpp",
    "score.sum": 27.67301640605267,
    "sha.latest": "9c05054a138c176a584e904c4ad9fb6594e44605",
    "time.latest": 1718213866.7037148,
    "formatted_time": "2024-06-12 23:07:46.703723",
    "linescores": {
        "1": 0.18305548161914076,
        "2": 0.07618617915845591,
        "3": 0.610775811057935,
        "4": 0.610775811057935,
        "5": 0.610775811057935,
        "6": 0.07618617915845591,
        "7": 0.07618617915845591,
        "8": 0.305531485587787,
        "9": 0.62669893962216,
        "10": 1.0,
        "11": 1.0,
        "12": 0.9953598003006144,
        "13": 0.9953598003006144,
        "14": 0.8751192619342135,
        "15": 0.9953598003006144,
        "16": 0.9953598003006144,
        "17": 0.9914682950727052,
        "18": 0.9914682950727052,
        "19": 0.9914682950727052,
        "20": 0.9914682950727052,
        "21": 0.9914682950727052,
        "22": 0.9914682950727052,
        "23": 0.9914682950727052,
        "24": 0.9914682950727052,
        "25": 0.9914682950727052,
        "26": 0.9914682950727052,
        "27": 0.9914682950727052,
        "28": 0.9914682950727052,
        "29": 2.9868280953733195,
        "30": 2.9868280953733195,
        "31": 2.9868280953733195,
        "32": 1.9868280953733195,
        "33": 2.9868280953733195,
        "34": 2.9868280953733195,
        "35": 2.9868280953733195,
        "36": 2.9868280953733195,
        "37": 0.9914682950727052,
        "38": 0.9914682950727052,
        "39": 0.9914682950727052,
        "40": 0.9914682950727052,
        "41": 0.9914682950727052,
        "42": 0.9914682950727052,
        "43": 0.9914682950727052,
        "44": 0.9914682950727052,
        "45": 0.9914682950727052,
        "46": 0.9914682950727052,
        "47": 0.9914682950727052,
        "48": 1.9868280953733195,
        "49": 0.07618617915845591,
        "50": 0.07618617915845591,
        "51": 0.9953598003006144,
        "52": 0.9953598003006144,
        "53": 1.0,
        "54": 1.0,
        "55": 0.9953598003006144,
        "56": 1.9953598003006143,
        "57": 0.9953598003006144,
        "58": 1.9953598003006143,
        "59": 1.9953598003006143,
        "60": 1.9953598003006143,
        "61": 1.9953598003006143,
        "62": 1.9953598003006143,
        "63": 1.9953598003006143,
        "64": 1.9953598003006143,
        "65": 1.9953598003006143,
        "66": 1.9953598003006143,
        "67": 1.9953598003006143,
        "68": 1.9953598003006143,
        "69": 1.9953598003006143,
        "70": 1.9953598003006143,
        "71": 1.9953598003006143,
        "72": 1.9953598003006143,
        "73": 1.9953598003006143,
        "74": 0.9953598003006144,
        "75": 0.9953598003006144,
        "76": 0.9953598003006144,
        "77": 1.9953598003006143,
        "78": 1.9953598003006143,
        "79": 0.9914682950727052,
        "80": 1.9953598003006143,
        "81": 1.9953598003006143,
        "82": 0.9914682950727052,
        "83": 1.9914682950727052,
        "84": 1.9914682950727052,
        "85": 1.9914682950727052,
        "86": 1.9914682950727052,
        "87": 1.9914682950727052,
        "88": 1.9914682950727052,
        "89": 1.9914682950727052,
        "90": 0.9914682950727052,
        "91": 1.0,
        "92": 1.0,
        "93": 1.0,
        "94": 1.0,
        "95": 1.0,
        "96": 1.0,
        "97": 1.0,
        "98": 1.0,
        "99": 1.0,
        "100": 1.0,
        "101": 1.0,
        "102": 1.0,
        "103": 1.0,
        "104": 1.0,
        "105": 1.0,
        "106": 1.0,
        "107": 0.9914682950727052,
        "108": 2.9868280953733195,
        "109": 2.9868280953733195,
        "110": 2.9868280953733195,
        "111": 2.9868280953733195,
        "112": 2.9868280953733195,
        "113": 2.9868280953733195,
        "114": 0.9914682950727052,
        "115": 1.0,
        "116": 1.9868280953733195,
        "117": 1.9868280953733195,
        "118": 1.9868280953733195,
        "119": 1.9868280953733195,
        "120": 1.9868280953733195,
        "121": 0.9914682950727052,
        "122": 1.9914682950727052,
        "123": 1.9914682950727052,
        "124": 0.9914682950727052,
        "125": 0.9914682950727052,
        "126": 2.9868280953733195,
        "127": 2.9868280953733195,
        "128": 2.9868280953733195,
        "129": 2.9868280953733195,
        "130": 2.9868280953733195,
        "131": 2.9868280953733195,
        "132": 2.9868280953733195,
        "133": 2.9868280953733195,
        "134": 2.9868280953733195,
        "135": 2.9868280953733195,
        "136": 0.9914682950727052,
        "137": 1.9914682950727052,
        "138": 0.9914682950727052,
        "139": 0.9914682950727052,
        "140": 0.9914682950727052,
        "141": 0.9914682950727052,
        "142": 0.9914682950727052,
        "143": 1.0,
        "144": 1.0,
        "145": 1.0,
        "146": 1.0,
        "147": 1.0,
        "148": 1.0,
        "149": 1.0,
        "150": 1.0,
        "151": 1.0,
        "152": 1.0,
        "153": 1.0,
        "154": 1.0,
        "155": 1.0,
        "156": 1.0,
        "157": 1.0,
        "158": 1.0,
        "159": 1.0,
        "160": 1.0,
        "161": 1.0,
        "162": 1.0,
        "163": 1.0,
        "164": 1.0,
        "165": 1.0,
        "166": 1.0,
        "167": 1.0,
        "168": 1.0,
        "169": 1.0,
        "170": 1.0,
        "171": 1.0,
        "172": 1.0,
        "173": 1.0,
        "174": 1.0,
        "175": 1.0,
        "176": 1.0,
        "177": 1.0,
        "178": 1.0,
        "179": 1.0,
        "180": 1.0,
        "181": 1.0,
        "182": 1.0,
        "183": 1.0,
        "184": 1.0,
        "185": 1.0,
        "186": 1.0,
        "187": 1.0,
        "188": 1.0,
        "189": 1.0,
        "190": 1.0,
        "191": 1.0,
        "192": 1.0,
        "193": 1.0,
        "194": 1.0,
        "195": 1.0,
        "196": 1.0,
        "197": 1.0,
        "198": 1.0,
        "199": 1.0,
        "200": 1.0,
        "201": 1.0,
        "202": 1.0,
        "203": 1.0,
        "204": 1.0,
        "205": 1.0,
        "206": 1.0,
        "207": 1.0,
        "208": 1.0,
        "209": 1.0,
        "210": 1.0,
        "211": 1.0,
        "212": 1.0,
        "213": 1.0,
        "214": 1.0,
        "215": 1.0,
        "216": 1.0,
        "217": 1.0,
        "218": 1.0,
        "219": 1.0,
        "220": 1.0,
        "221": 1.0,
        "222": 1.0,
        "223": 1.0,
        "224": 1.0,
        "225": 1.0,
        "226": 1.0,
        "227": 1.0,
        "228": 1.0,
        "229": 0.09057864459079383,
        "230": 0.7775483186395965,
        "231": 1.5004834088964367,
        "232": 1.5004834088964367,
        "233": 0.3210037284353608,
        "234": 0.3210037284353608,
        "235": 0.27869189260067,
        "236": 0.27869189260067,
        "237": 0.27869189260067,
        "238": 0.27869189260067,
        "239": 1.152346291573989,
        "240": 1.152346291573989,
        "241": 0.3481371173224475,
        "242": 0.3481371173224475,
        "243": 0.3481371173224475,
        "244": 0.3481371173224475,
        "245": 0.3481371173224475,
        "246": 0.35227426699433384,
        "247": 0.35227426699433384,
        "248": 0.35227426699433384,
        "249": 0.35227426699433384,
        "250": 0.3481371173224475,
        "251": 0.3481371173224475,
        "252": 0.3481371173224475,
        "253": 0.3481371173224475,
        "254": 0.3481371173224475,
        "255": 0.3481371173224475,
        "256": 0.3481371173224475,
        "257": 0.3481371173224475,
        "258": 0.7004113843167814,
        "259": 0.7004113843167814,
        "260": 0.3481371173224475,
        "261": 0.3481371173224475,
        "262": 0.3481371173224475,
        "263": 0.3481371173224475,
        "264": 0.7004113843167814,
        "265": 0.7004113843167814,
        "266": 0.7004113843167814,
        "267": 0.7004113843167814,
        "268": 0.7004113843167814,