{
    "file name": "/mnt/c/Users/nshashwa/New_folder/new/llvm-project/llvm/lib/IR/PrintPasses.cpp",
    "score.sum": 4.954026034042164,
    "sha.latest": "01b88dd66d9d52d3f531a7d490e18c549f36f445",
    "time.latest": 1718212766.276948,
    "formatted_time": "2024-06-12 22:49:26.276958",
    "linescores": {
        "1": 0,
        "2": 0,
        "3": 0,
        "4": 0,
        "5": 0,
        "6": 0,
        "7": 0,
        "8": 0,
        "9": 0,
        "10": 0,
        "11": 0.7324891502425576,
        "12": 0.6063954331962237,
        "13": 0.6063954331962237,
        "14": 0.6063954331962237,
        "15": 0,
        "16": 0,
        "17": 0,
        "18": 0,
        "19": 0,
        "20": 0,
        "21": 0,
        "22": 0,
        "23": 0,
        "24": 0,
        "25": 0,
        "26": 0,
        "27": 0,
        "28": 0,
        "29": 0,
        "30": 0,
        "31": 0,
        "32": 0,
        "33": 0,
        "34": 0,
        "35": 0,
        "36": 0.6002786534784729,
        "37": 0.6002786534784729,
        "38": 0.6002786534784729,
        "39": 0.6002786534784729,
        "40": 0.6002786534784729,
        "41": 0.6002786534784729,
        "42": 0.6002786534784729,
        "43": 0.6002786534784729,
        "44": 0.6002786534784729,
        "45": 0.6002786534784729,
        "46": 0.6002786534784729,
        "47": 0.6002786534784729,
        "48": 0.6002786534784729,
        "49": 0.6002786534784729,
        "50": 0.6002786534784729,
        "51": 0.6002786534784729,
        "52": 0.6002786534784729,
        "53": 0.6002786534784729,
        "54": 0.6002786534784729,
        "55": 0.6002786534784729,
        "56": 0.6002786534784729,
        "57": 0.6002786534784729,
        "58": 0.6002786534784729,
        "59": 0.6002786534784729,
        "60": 0.6002786534784729,
        "61": 0.6002786534784729,
        "62": 0.6002786534784729,
        "63": 0.6002786534784729,
        "64": 0.6002786534784729,
        "65": 0.6002786534784729,
        "66": 0.6002786534784729,
        "67": 0.6002786534784729,
        "68": 0.6002786534784729,
        "69": 0.6002786534784729,
        "70": 0.6002786534784729,
        "71": 0.6002786534784729,
        "72": 0.6002786534784729,
        "73": 0.6002786534784729,
        "74": 0.6002786534784729,
        "75": 0.6002786534784729,
        "76": 0.6002786534784729,
        "77": 0.6002786534784729,
        "78": 0.6002786534784729,
        "79": 0.6002786534784729,
        "80": 0.6063954331962237,
        "81": 0.6063954331962237,
        "82": 0.6063954331962237,
        "83": 0.6063954331962237,
        "84": 0.6063954331962237,
        "85": 0,
        "86": 0,
        "87": 0,
        "88": 0,
        "89": 0,
        "90": 0,
        "91": 0.6373496177438446,
        "92": 0.6373496177438446,
        "93": 0.6373496177438446,
        "94": 0.6373496177438446,
        "95": 0.6373496177438446,
        "96": 0.6373496177438446,
        "97": 0.6373496177438446,
        "98": 0.6373496177438446,
        "99": 0,
        "100": 0,
        "101": 0,
        "102": 0,
        "103": 0,
        "104": 0,
        "105": 0,
        "106": 0,
        "107": 0,
        "108": 0,
        "109": 0,
        "110": 0,
        "111": 0,
        "112": 0,
        "113": 0,
        "114": 0,
        "115": 0,
        "116": 0,
        "117": 0,
        "118": 0,
        "119": 0.00509837457891717,
        "120": 0,
        "121": 0,
        "122": 0,
        "123": 0,
        "124": 0,
        "125": 0,
        "126": 0,
        "127": 0,
        "128": 0,
        "129": 0,
        "130": 0,
        "131": 0,
        "132": 0,
        "133": 0,
        "134": 0,
        "135": 0,
        "136": 0,
        "137": 0,
        "138": 0,
        "139": 0,
        "140": 0,
        "141": 0,
        "142": 0,
        "143": 0,
        "144": 0.6373496177438446,
        "145": 0.6373496177438446,
        "146": 0.6373496177438446,
        "147": 0.6373496177438446,
        "148": 0.6373496177438446,
        "149": 0.6373496177438446,
        "150": 0.6438118092314916,
        "151": 0.6438118092314916,
        "152": 0,
        "153": 0,
        "154": 0,
        "155": 0,
        "156": 0,
        "157": 0,
        "158": 0.6063954331962237,
        "159": 1.3388845834387813,
        "160": 1.3388845834387813,
        "161": 1.3388845834387813,
        "162": 1.3388845834387813,
        "163": 1.3388845834387813,
        "164": 1.3388845834387813,
        "165": 1.3388845834387813,
        "166": 1.3388845834387813,
        "167": 1.3388845834387813,
        "168": 1.3388845834387813,
        "169": 1.3388845834387813,
        "170": 1.3388845834387813,
        "171": 1.3388845834387813,
        "172": 1.3388845834387813,
        "173": 1.3388845834387813,
        "174": 1.3388845834387813,
        "175": 1.3388845834387813,
        "176": 1.3388845834387813,
        "177": 1.3388845834387813,
        "178": 0.6063954331962237,
        "179": 0.6063954331962237,
        "180": 1.3388845834387813,
        "181": 0.6063954331962237,
        "182": 1.3388845834387813,
        "183": 0.6063954331962237,
        "184": 0.6063954331962237,
        "185": 1.3388845834387813,
        "186": 1.3388845834387813,
        "187": 1.3388845834387813,
        "188": 1.3388845834387813,
        "189": 1.3388845834387813,
        "190": 1.3388845834387813,
        "191": 1.3388845834387813,
        "192": 1.3388845834387813,
        "193": 1.3388845834387813,
        "194": 1.3388845834387813,
        "195": 1.3388845834387813,
        "196": 1.3388845834387813,
        "197": 1.3388845834387813,
        "198": 1.3388845834387813,
        "199": 1.3388845834387813,
        "200": 1.3388845834387813,
        "201": 1.3388845834387813,
        "202": 0.6063954331962237,
        "203": 1.3388845834387813,
        "204": 1.3388845834387813,
        "205": 1.3388845834387813,
        "206": 0.6063954331962237,
        "207": 1.3388845834387813,
        "208": 1.3388845834387813,
        "209": 1.3388845834387813,
        "210": 1.3388845834387813,
        "211": 1.3388845834387813,
        "212": 1.3388845834387813,
        "213": 1.3388845834387813,
        "214": 1.3388845834387813,
        "215": 2.3388845834387815,
        "216": 1.3388845834387813,
        "217": 0.6063954331962237,
        "218": 0.6063954331962237,
        "219": 0.6063954331962237,
        "220": 0.6063954331962237,
        "221": 0.6063954331962237,
        "222": 0.6063954331962237,
        "223": 0.6063954331962237,
        "224": 0.6063954331962237,
        "225": 0.6063954331962237,
        "226": 0.6063954331962237,
        "227": 0.6063954331962237,
        "228": 0.6063954331962237,
        "229": 1.3349984287668804,
        "230": 1.3349984287668804,
        "231": 1.3349984287668804,
        "232": 0.6063954331962237,
        "233": 0.6063954331962237,
        "234": 0.6063954331962237,
        "235": 0.6063954331962237,
        "236": 0.6063954331962237,
        "237": 0.6063954331962237,
        "238": 0.6063954331962237,
        "239": 0.6063954331962237,
        "240": 0.6063954331962237,
        "241": 2.3388845834387815,
        "242": 1.3388845834387813,
        "243": 1.3388845834387813,
        "244": 0.6063954331962237,
        "245": 0.6063954331962237
    }
}